{
  "0.14796657840751082": { "user_id": 6 },
  "0.041350649824681174": { "user_id": 6 },
  "0.6105142583775114": { "user_id": 6 },
  "0.3186854072455183": { "user_id": 6 },
  "0.8413290506966846": { "user_id": 6 },
  "0.3213483642274617": { "user_id": 6 },
  "0.5461328815604476": { "user_id": 6 },
  "0.9931877557255719": { "user_id": 6 },
  "0.191570240472428": { "user_id": 6 },
  "0.10729381039512353": { "user_id": 6 },
  "0.2673988756797141": { "user_id": 7 }
}
